generation,quota_params,incentive_params,ecological_impact,economic_impact,adjusted_score,ok_satisfaction,simulation
0,"{'NORMAL_GROWTH_FACTOR': 1.3734365479970738, 'ESTIMATION_FACTOR': 0.6819414978812917, 'CRISIS_PUMPING_RESTRICTION': 0.4095837062556736}","{'ANTICIPATION_FACTOR': 0.2857366066830974, 'NON_PRIORITY_ACTORS_INCREASE': 1.2235690788457898, 'SUBSIDY_INCOME_BASE_CALCULATION': 0.6690666979856454, 'FINE_INCOME_BASE_CALCULATION': 0.7115775166420337}",0.8222707423580786,0.6096575679649507,-0.21261317439312788,0.0,<src.core.WaterManagementSimulation object at 0x000002B1773AFEC0>
0,"{'NORMAL_GROWTH_FACTOR': 1.4122005058030522, 'ESTIMATION_FACTOR': 0.8436645863743586, 'CRISIS_PUMPING_RESTRICTION': 0.19603683785760018}","{'ANTICIPATION_FACTOR': 0.9625341129313876, 'NON_PRIORITY_ACTORS_INCREASE': 1.3503525365389621, 'SUBSIDY_INCOME_BASE_CALCULATION': 0.9921835228230033, 'FINE_INCOME_BASE_CALCULATION': 0.8754975596632544}",0.7908296943231441,0.5135021487765428,-0.27732754554660133,0.0,
0,"{'NORMAL_GROWTH_FACTOR': 0.9114966918890747, 'ESTIMATION_FACTOR': 0.6579772956186348, 'CRISIS_PUMPING_RESTRICTION': 0.34875164983014784}","{'ANTICIPATION_FACTOR': 0.9242980887043915, 'NON_PRIORITY_ACTORS_INCREASE': 1.068672420036504, 'SUBSIDY_INCOME_BASE_CALCULATION': 0.5571531716970068, 'FINE_INCOME_BASE_CALCULATION': 0.9736318412262145}",0.8200873362445414,0.5091880438937828,-0.31089929235075864,0.0,
0,"{'NORMAL_GROWTH_FACTOR': 1.6820650338197316, 'ESTIMATION_FACTOR': 0.40122137402230545, 'CRISIS_PUMPING_RESTRICTION': 0.4832001804495971}","{'ANTICIPATION_FACTOR': 1.938634173693772, 'NON_PRIORITY_ACTORS_INCREASE': 1.3744851626442207, 'SUBSIDY_INCOME_BASE_CALCULATION': 0.5776623087806226, 'FINE_INCOME_BASE_CALCULATION': 0.5316668471296923}",0.8093886462882096,0.6276168793775838,-0.1817717669106258,0.0,<src.core.WaterManagementSimulation object at 0x000002B1773AFEC0>
0,"{'NORMAL_GROWTH_FACTOR': 1.80182143162685, 'ESTIMATION_FACTOR': 0.09262123518105256, 'CRISIS_PUMPING_RESTRICTION': 0.7227826344845368}","{'ANTICIPATION_FACTOR': 1.7730504089712185, 'NON_PRIORITY_ACTORS_INCREASE': 1.9635010692382941, 'SUBSIDY_INCOME_BASE_CALCULATION': 0.9792025187415894, 'FINE_INCOME_BASE_CALCULATION': 0.704940343829634}",0.7524017467248908,0.479873187180543,-0.2725285595443478,0.0,
0,"{'NORMAL_GROWTH_FACTOR': 1.2169199745460744, 'ESTIMATION_FACTOR': 0.5298519858893656, 'CRISIS_PUMPING_RESTRICTION': 0.737561213662503}","{'ANTICIPATION_FACTOR': 1.7750765024138007, 'NON_PRIORITY_ACTORS_INCREASE': 1.282621051397458, 'SUBSIDY_INCOME_BASE_CALCULATION': 0.6863556400065179, 'FINE_INCOME_BASE_CALCULATION': 0.8383695476146773}",0.8056768558951966,0.5249064062077614,-0.28077044968743514,0.0,
0,"{'NORMAL_GROWTH_FACTOR': 1.6226646461988858, 'ESTIMATION_FACTOR': 0.9934134070617486, 'CRISIS_PUMPING_RESTRICTION': 0.1989307358963372}","{'ANTICIPATION_FACTOR': 0.7488048906551948, 'NON_PRIORITY_ACTORS_INCREASE': 0.9305044237082171, 'SUBSIDY_INCOME_BASE_CALCULATION': 0.6067494386926687, 'FINE_INCOME_BASE_CALCULATION': 0.3761175082649011}",0.8491266375545852,0.7421248397863711,-0.10700179776821406,0.0,<src.core.WaterManagementSimulation object at 0x000002B1773AFEC0>
0,"{'NORMAL_GROWTH_FACTOR': 1.931492637340647, 'ESTIMATION_FACTOR': 0.4939132735533754, 'CRISIS_PUMPING_RESTRICTION': 0.19771490004748843}","{'ANTICIPATION_FACTOR': 0.5714355941676577, 'NON_PRIORITY_ACTORS_INCREASE': 1.6836326133684034, 'SUBSIDY_INCOME_BASE_CALCULATION': 0.12036536974077393, 'FINE_INCOME_BASE_CALCULATION': 0.16110006941935062}",0.8655021834061135,0.7749680829336968,-0.09053410047241672,0.0,<src.core.WaterManagementSimulation object at 0x000002B1773AFEC0>
0,"{'NORMAL_GROWTH_FACTOR': 1.7291305121683092, 'ESTIMATION_FACTOR': 0.715639881153563, 'CRISIS_PUMPING_RESTRICTION': 0.8562323413394538}","{'ANTICIPATION_FACTOR': 0.27169752246780443, 'NON_PRIORITY_ACTORS_INCREASE': 1.6099859174998365, 'SUBSIDY_INCOME_BASE_CALCULATION': 0.6179673572260048, 'FINE_INCOME_BASE_CALCULATION': 0.8865532036408053}",0.7978165938864629,0.4937408137223031,-0.30407578016415976,0.0,
0,"{'NORMAL_GROWTH_FACTOR': 1.6109944323914684, 'ESTIMATION_FACTOR': 0.6892733154186583, 'CRISIS_PUMPING_RESTRICTION': 0.8863502262332584}","{'ANTICIPATION_FACTOR': 1.1047046539113263, 'NON_PRIORITY_ACTORS_INCREASE': 1.0799962189088166, 'SUBSIDY_INCOME_BASE_CALCULATION': 0.6082163169640236, 'FINE_INCOME_BASE_CALCULATION': 0.9846286235560936}",0.8168122270742358,0.541738209657465,-0.27507401741677084,0.0,
0,"{'NORMAL_GROWTH_FACTOR': 1.6147291305653795, 'ESTIMATION_FACTOR': 0.9597683801914916, 'CRISIS_PUMPING_RESTRICTION': 0.2940493290061056}","{'ANTICIPATION_FACTOR': 1.6096215210275224, 'NON_PRIORITY_ACTORS_INCREASE': 1.3132005071326358, 'SUBSIDY_INCOME_BASE_CALCULATION': 0.9549928945359539, 'FINE_INCOME_BASE_CALCULATION': 0.0841273370149374}",0.8331877729257642,0.8217092099415423,-0.011478562984221896,0.0,<src.core.WaterManagementSimulation object at 0x000002B1773AFEC0>
0,"{'NORMAL_GROWTH_FACTOR': 1.6975218812807158, 'ESTIMATION_FACTOR': 0.1758382335217169, 'CRISIS_PUMPING_RESTRICTION': 0.37941688634281745}","{'ANTICIPATION_FACTOR': 0.7030022489867689, 'NON_PRIORITY_ACTORS_INCREASE': 1.6250401068336455, 'SUBSIDY_INCOME_BASE_CALCULATION': 0.25414900487404274, 'FINE_INCOME_BASE_CALCULATION': 0.4686149248494972}",0.8480349344978166,0.6097035050164252,-0.2383314294813914,0.0,
0,"{'NORMAL_GROWTH_FACTOR': 1.22550475903144, 'ESTIMATION_FACTOR': 0.20949597871293546, 'CRISIS_PUMPING_RESTRICTION': 0.6448139772187551}","{'ANTICIPATION_FACTOR': 0.6250426314695929, 'NON_PRIORITY_ACTORS_INCREASE': 1.011075359536723, 'SUBSIDY_INCOME_BASE_CALCULATION': 0.9365074216666204, 'FINE_INCOME_BASE_CALCULATION': 0.20337086545745667}",0.8294759825327511,0.7897010188127401,-0.03977496372001099,0.0,
0,"{'NORMAL_GROWTH_FACTOR': 0.957807743450724, 'ESTIMATION_FACTOR': 0.33147973716743995, 'CRISIS_PUMPING_RESTRICTION': 0.49837362528377394}","{'ANTICIPATION_FACTOR': 1.7183925412247594, 'NON_PRIORITY_ACTORS_INCREASE': 1.0369724457795253, 'SUBSIDY_INCOME_BASE_CALCULATION': 0.4556621820837822, 'FINE_INCOME_BASE_CALCULATION': 0.46658318089406176}",0.8408296943231441,0.6561764552349418,-0.1846532390882023,0.0,
0,"{'NORMAL_GROWTH_FACTOR': 1.4211848170328478, 'ESTIMATION_FACTOR': 0.2999618096071673, 'CRISIS_PUMPING_RESTRICTION': 0.34429818748183516}","{'ANTICIPATION_FACTOR': 1.1215773873308243, 'NON_PRIORITY_ACTORS_INCREASE': 1.3490338317437758, 'SUBSIDY_INCOME_BASE_CALCULATION': 0.688353110515498, 'FINE_INCOME_BASE_CALCULATION': 0.5351643394086286}",0.8102620087336244,0.6311875359149002,-0.17907447281872424,0.0,
0,"{'NORMAL_GROWTH_FACTOR': 1.3519922264648028, 'ESTIMATION_FACTOR': 0.23548000875779024, 'CRISIS_PUMPING_RESTRICTION': 0.25495954361429735}","{'ANTICIPATION_FACTOR': 0.8090191653950898, 'NON_PRIORITY_ACTORS_INCREASE': 0.9709209113548006, 'SUBSIDY_INCOME_BASE_CALCULATION': 0.8306800422369869, 'FINE_INCOME_BASE_CALCULATION': 0.8879807061840619}",0.8155021834061136,0.5899635164674688,-0.22553866693864477,0.0,
0,"{'NORMAL_GROWTH_FACTOR': 1.6912093676451103, 'ESTIMATION_FACTOR': 0.15915062692561582, 'CRISIS_PUMPING_RESTRICTION': 0.15038304605281427}","{'ANTICIPATION_FACTOR': 1.5954037349769663, 'NON_PRIORITY_ACTORS_INCREASE': 1.648445342187153, 'SUBSIDY_INCOME_BASE_CALCULATION': 0.6539371621449105, 'FINE_INCOME_BASE_CALCULATION': 0.6603193105096177}",0.8161572052401747,0.5134165399634383,-0.3027406652767364,0.0,
0,"{'NORMAL_GROWTH_FACTOR': 1.6038588626730494, 'ESTIMATION_FACTOR': 0.2975946313426607, 'CRISIS_PUMPING_RESTRICTION': 0.8837177368340501}","{'ANTICIPATION_FACTOR': 0.3530648708486207, 'NON_PRIORITY_ACTORS_INCREASE': 1.2427886420667518, 'SUBSIDY_INCOME_BASE_CALCULATION': 0.45842553298981414, 'FINE_INCOME_BASE_CALCULATION': 0.7822473995193973}",0.8358078602620087,0.5659942421083766,-0.26981361815363214,0.0,
0,"{'NORMAL_GROWTH_FACTOR': 1.1811790708113776, 'ESTIMATION_FACTOR': 0.13939333256287426, 'CRISIS_PUMPING_RESTRICTION': 0.9720284526622924}","{'ANTICIPATION_FACTOR': 0.4668219564524462, 'NON_PRIORITY_ACTORS_INCREASE': 1.5432200300811976, 'SUBSIDY_INCOME_BASE_CALCULATION': 0.9871951456104343, 'FINE_INCOME_BASE_CALCULATION': 0.726216978809586}",0.7858078602620088,0.5446042796374585,-0.24120358062455027,0.0,
0,"{'NORMAL_GROWTH_FACTOR': 1.344626421819195, 'ESTIMATION_FACTOR': 0.43777033801862386, 'CRISIS_PUMPING_RESTRICTION': 0.5664929311760776}","{'ANTICIPATION_FACTOR': 1.6844572177325694, 'NON_PRIORITY_ACTORS_INCREASE': 1.6663474393198356, 'SUBSIDY_INCOME_BASE_CALCULATION': 0.8227859581982487, 'FINE_INCOME_BASE_CALCULATION': 0.7823077261079002}",0.7993449781659389,0.4407310320870771,-0.35861394607886177,0.0,
0,"{'NORMAL_GROWTH_FACTOR': 0.9975097912000624, 'ESTIMATION_FACTOR': 0.1541332576322852, 'CRISIS_PUMPING_RESTRICTION': 0.22501767538413925}","{'ANTICIPATION_FACTOR': 1.3703219595753848, 'NON_PRIORITY_ACTORS_INCREASE': 1.4191396548912203, 'SUBSIDY_INCOME_BASE_CALCULATION': 0.14065485657540985, 'FINE_INCOME_BASE_CALCULATION': 0.27454361205295563}",0.862882096069869,0.7153824914043843,-0.14749960466548473,0.0,
0,"{'NORMAL_GROWTH_FACTOR': 1.0465394457649475, 'ESTIMATION_FACTOR': 0.22617754638846366, 'CRISIS_PUMPING_RESTRICTION': 0.28540492031011555}","{'ANTICIPATION_FACTOR': 1.376979342952687, 'NON_PRIORITY_ACTORS_INCREASE': 1.3241798337243027, 'SUBSIDY_INCOME_BASE_CALCULATION': 0.31540704957411925, 'FINE_INCOME_BASE_CALCULATION': 0.034848118785586454}",0.8672489082969432,0.8541581362975499,-0.013090771999393347,0.0,
0,"{'NORMAL_GROWTH_FACTOR': 1.940848922781707, 'ESTIMATION_FACTOR': 0.1833587464455253, 'CRISIS_PUMPING_RESTRICTION': 0.1606702543413313}","{'ANTICIPATION_FACTOR': 1.6321180496856869, 'NON_PRIORITY_ACTORS_INCREASE': 1.4153691138254132, 'SUBSIDY_INCOME_BASE_CALCULATION': 0.17291954420766972, 'FINE_INCOME_BASE_CALCULATION': 0.6655805210208232}",0.8338427947598254,0.5738504699418769,-0.25999232481794843,0.0,
0,"{'NORMAL_GROWTH_FACTOR': 1.8477867217727053, 'ESTIMATION_FACTOR': 0.5021282912057695, 'CRISIS_PUMPING_RESTRICTION': 0.9719021435897846}","{'ANTICIPATION_FACTOR': 1.634055069893382, 'NON_PRIORITY_ACTORS_INCREASE': 1.6421504973014398, 'SUBSIDY_INCOME_BASE_CALCULATION': 0.7281022440347424, 'FINE_INCOME_BASE_CALCULATION': 0.683251863529081}",0.7801310043668123,0.5441207941718765,-0.23601021019493573,0.0,
0,"{'NORMAL_GROWTH_FACTOR': 1.29384294700706, 'ESTIMATION_FACTOR': 0.28288762246124166, 'CRISIS_PUMPING_RESTRICTION': 0.2560281941986778}","{'ANTICIPATION_FACTOR': 0.38342151247216394, 'NON_PRIORITY_ACTORS_INCREASE': 0.908482359624053, 'SUBSIDY_INCOME_BASE_CALCULATION': 0.5896563388218661, 'FINE_INCOME_BASE_CALCULATION': 0.33467383065275685}",0.8432314410480349,0.7603373611698473,-0.08289407987818764,0.0,
1,"{'NORMAL_GROWTH_FACTOR': 1.931492637340647, 'ESTIMATION_FACTOR': 0.4939132735533754, 'CRISIS_PUMPING_RESTRICTION': 0.012680309855030027}","{'ANTICIPATION_FACTOR': 0.5714355941676577, 'NON_PRIORITY_ACTORS_INCREASE': 1.6836326133684034, 'SUBSIDY_INCOME_BASE_CALCULATION': -0.016783007923244254, 'FINE_INCOME_BASE_CALCULATION': 0.16110006941935062}",0.8816593886462882,0.7549088364336923,-0.1267505522125959,0.0,<src.core.WaterManagementSimulation object at 0x000002B1773AFEC0>
1,"{'NORMAL_GROWTH_FACTOR': 0.6772355607261653, 'ESTIMATION_FACTOR': -0.053197046711178496, 'CRISIS_PUMPING_RESTRICTION': 0.2660544523101792}","{'ANTICIPATION_FACTOR': -0.03875309593816424, 'NON_PRIORITY_ACTORS_INCREASE': -0.9804123907972889, 'SUBSIDY_INCOME_BASE_CALCULATION': 0.6179673572260048, 'FINE_INCOME_BASE_CALCULATION': 0.8865532036408053}",0.9227074235807861,0.5779904001553536,-0.3447170234254324,0.0,
1,"{'NORMAL_GROWTH_FACTOR': 1.7291305121683092, 'ESTIMATION_FACTOR': 0.05831959266657763, 'CRISIS_PUMPING_RESTRICTION': 0.43312001673137873}","{'ANTICIPATION_FACTOR': 0.07672474089823174, 'NON_PRIORITY_ACTORS_INCREASE': -0.3753629492546837, 'SUBSIDY_INCOME_BASE_CALCULATION': -0.17888889013721834, 'FINE_INCOME_BASE_CALCULATION': 0.8865532036408053}",0.8973799126637555,0.8577704429026628,-0.0396094697610927,0.0,<src.core.WaterManagementSimulation object at 0x000002B1773AFEC0>
1,"{'NORMAL_GROWTH_FACTOR': 0.47078972061271185, 'ESTIMATION_FACTOR': 0.1758382335217169, 'CRISIS_PUMPING_RESTRICTION': 0.37941688634281745}","{'ANTICIPATION_FACTOR': 0.7030022489867689, 'NON_PRIORITY_ACTORS_INCREASE': 1.6250401068336455, 'SUBSIDY_INCOME_BASE_CALCULATION': -0.09212491254842595, 'FINE_INCOME_BASE_CALCULATION': 0.06437495628976161}",0.8814410480349345,0.7537307985657573,-0.1277102494691772,0.0,
1,"{'NORMAL_GROWTH_FACTOR': 1.6912093676451103, 'ESTIMATION_FACTOR': 0.15915062692561582, 'CRISIS_PUMPING_RESTRICTION': 0.15038304605281427}","{'ANTICIPATION_FACTOR': 1.5954037349769663, 'NON_PRIORITY_ACTORS_INCREASE': 1.648445342187153, 'SUBSIDY_INCOME_BASE_CALCULATION': 0.03913077285237768, 'FINE_INCOME_BASE_CALCULATION': 0.20011799561611862}",0.8587336244541485,0.7563746657832512,-0.10235895867089728,0.0,
1,"{'NORMAL_GROWTH_FACTOR': -0.23821564192451858, 'ESTIMATION_FACTOR': -0.002040540714488411, 'CRISIS_PUMPING_RESTRICTION': -0.39863458429759807}","{'ANTICIPATION_FACTOR': 0.27169752246780443, 'NON_PRIORITY_ACTORS_INCREASE': 1.6099859174998365, 'SUBSIDY_INCOME_BASE_CALCULATION': 0.6179673572260048, 'FINE_INCOME_BASE_CALCULATION': 0.8865532036408053}",0.788646288209607,0.47474995583924073,-0.3138963323703663,0.0,
1,"{'NORMAL_GROWTH_FACTOR': 1.0465394457649475, 'ESTIMATION_FACTOR': 0.22617754638846366, 'CRISIS_PUMPING_RESTRICTION': 0.040468501288201654}","{'ANTICIPATION_FACTOR': -0.29189837862331625, 'NON_PRIORITY_ACTORS_INCREASE': 0.19889303184354193, 'SUBSIDY_INCOME_BASE_CALCULATION': 0.31540704957411925, 'FINE_INCOME_BASE_CALCULATION': 0.006062976916518911}",0.8799126637554585,0.8684398391887311,-0.01147282456672738,0.0,<src.core.WaterManagementSimulation object at 0x000002B1773AFEC0>
1,"{'NORMAL_GROWTH_FACTOR': 1.80182143162685, 'ESTIMATION_FACTOR': -0.019019029235774, 'CRISIS_PUMPING_RESTRICTION': 0.7227826344845368}","{'ANTICIPATION_FACTOR': -0.9286566421200951, 'NON_PRIORITY_ACTORS_INCREASE': 1.9635010692382941, 'SUBSIDY_INCOME_BASE_CALCULATION': 0.9792025187415894, 'FINE_INCOME_BASE_CALCULATION': 0.704940343829634}",0.7766375545851528,0.3002326583736503,-0.4764048962115025,0.0,
1,"{'NORMAL_GROWTH_FACTOR': 1.7291305121683092, 'ESTIMATION_FACTOR': 0.715639881153563, 'CRISIS_PUMPING_RESTRICTION': 0.8562323413394538}","{'ANTICIPATION_FACTOR': 0.04686113251426495, 'NON_PRIORITY_ACTORS_INCREASE': 1.6099859174998365, 'SUBSIDY_INCOME_BASE_CALCULATION': 0.6179673572260048, 'FINE_INCOME_BASE_CALCULATION': 0.8865532036408053}",0.7927947598253275,0.5121309050607119,-0.28066385476461564,0.0,
1,"{'NORMAL_GROWTH_FACTOR': 1.4211848170328478, 'ESTIMATION_FACTOR': 0.11024274828766249, 'CRISIS_PUMPING_RESTRICTION': -0.18339583422267888}","{'ANTICIPATION_FACTOR': 1.1215773873308243, 'NON_PRIORITY_ACTORS_INCREASE': 0.36500775494433346, 'SUBSIDY_INCOME_BASE_CALCULATION': 0.688353110515498, 'FINE_INCOME_BASE_CALCULATION': 0.17126691937760147}",0.8561135371179039,0.8461266076387943,-0.009986929479109619,0.0,<src.core.WaterManagementSimulation object at 0x000002B1773AFEC0>
1,"{'NORMAL_GROWTH_FACTOR': 0.957807743450724, 'ESTIMATION_FACTOR': 0.33147973716743995, 'CRISIS_PUMPING_RESTRICTION': -0.33394616834237095}","{'ANTICIPATION_FACTOR': -0.5344041901243526, 'NON_PRIORITY_ACTORS_INCREASE': 1.0369724457795253, 'SUBSIDY_INCOME_BASE_CALCULATION': 0.4556621820837822, 'FINE_INCOME_BASE_CALCULATION': 0.11232861314893754}",0.8633187772925764,0.8044145311989396,-0.05890424609363687,0.0,
1,"{'NORMAL_GROWTH_FACTOR': -0.8570189596171913, 'ESTIMATION_FACTOR': 0.1758382335217169, 'CRISIS_PUMPING_RESTRICTION': 0.37941688634281745}","{'ANTICIPATION_FACTOR': -0.10571666143322807, 'NON_PRIORITY_ACTORS_INCREASE': 1.6250401068336455, 'SUBSIDY_INCOME_BASE_CALCULATION': 0.25414900487404274, 'FINE_INCOME_BASE_CALCULATION': 0.4686149248494972}",0.8480349344978166,0.6134529259718914,-0.23458200852592526,0.0,
1,"{'NORMAL_GROWTH_FACTOR': 0.06174412958616077, 'ESTIMATION_FACTOR': 0.8436645863743586, 'CRISIS_PUMPING_RESTRICTION': 0.022386865334192135}","{'ANTICIPATION_FACTOR': 0.9625341129313876, 'NON_PRIORITY_ACTORS_INCREASE': -0.22772996120771144, 'SUBSIDY_INCOME_BASE_CALCULATION': 0.4458054334075914, 'FINE_INCOME_BASE_CALCULATION': 0.8754975596632544}",0.8884279475982533,0.6979216158699226,-0.19050633172833065,0.0,
1,"{'NORMAL_GROWTH_FACTOR': 0.957807743450724, 'ESTIMATION_FACTOR': 0.33147973716743995, 'CRISIS_PUMPING_RESTRICTION': 0.49837362528377394}","{'ANTICIPATION_FACTOR': -0.38944382558100243, 'NON_PRIORITY_ACTORS_INCREASE': 0.5695123393646363, 'SUBSIDY_INCOME_BASE_CALCULATION': 0.03982590839503702, 'FINE_INCOME_BASE_CALCULATION': -0.14362258569661382}",0.8816593886462882,0.8740414061878443,-0.007617982458443917,0.0,<src.core.WaterManagementSimulation object at 0x000002B1773AFEC0>
1,"{'NORMAL_GROWTH_FACTOR': 1.4122005058030522, 'ESTIMATION_FACTOR': -0.046849084338499394, 'CRISIS_PUMPING_RESTRICTION': 0.19603683785760018}","{'ANTICIPATION_FACTOR': 0.1055110252729666, 'NON_PRIORITY_ACTORS_INCREASE': 0.10307625816650702, 'SUBSIDY_INCOME_BASE_CALCULATION': -0.7456733962086365, 'FINE_INCOME_BASE_CALCULATION': -0.09069653803288943}",0.8831877729257642,0.8134383506035991,-0.06974942232216508,0.0,
1,"{'NORMAL_GROWTH_FACTOR': 1.7291305121683092, 'ESTIMATION_FACTOR': -0.2635007048347429, 'CRISIS_PUMPING_RESTRICTION': -0.09309098891401096}","{'ANTICIPATION_FACTOR': 0.27169752246780443, 'NON_PRIORITY_ACTORS_INCREASE': 0.8140872408683839, 'SUBSIDY_INCOME_BASE_CALCULATION': 0.10745401800372727, 'FINE_INCOME_BASE_CALCULATION': 0.8865532036408053}",0.8602620087336245,0.6318788583333287,-0.22838315040029578,0.0,
1,"{'NORMAL_GROWTH_FACTOR': -0.14025014065360128, 'ESTIMATION_FACTOR': 0.07158711941948123, 'CRISIS_PUMPING_RESTRICTION': -0.0552893351231175}","{'ANTICIPATION_FACTOR': 0.8090191653950898, 'NON_PRIORITY_ACTORS_INCREASE': 0.20999166167903227, 'SUBSIDY_INCOME_BASE_CALCULATION': 0.29266983308409655, 'FINE_INCOME_BASE_CALCULATION': 0.4001060852343706}",0.8807860262008733,0.788697061131462,-0.09208896506941133,0.0,
1,"{'NORMAL_GROWTH_FACTOR': 1.0465394457649475, 'ESTIMATION_FACTOR': -0.18469826967514655, 'CRISIS_PUMPING_RESTRICTION': 0.28540492031011555}","{'ANTICIPATION_FACTOR': 1.376979342952687, 'NON_PRIORITY_ACTORS_INCREASE': 1.3241798337243027, 'SUBSIDY_INCOME_BASE_CALCULATION': 0.31540704957411925, 'FINE_INCOME_BASE_CALCULATION': -0.004478968643735984}",0.8652838427947598,0.8785562647814755,0.013272421986715743,0.0,<src.core.WaterManagementSimulation object at 0x000002B1773AFEC0>
1,"{'NORMAL_GROWTH_FACTOR': 1.931492637340647, 'ESTIMATION_FACTOR': 0.4939132735533754, 'CRISIS_PUMPING_RESTRICTION': 0.06015713758752176}","{'ANTICIPATION_FACTOR': -0.09152423881471121, 'NON_PRIORITY_ACTORS_INCREASE': 0.3057840426630868, 'SUBSIDY_INCOME_BASE_CALCULATION': 0.12036536974077393, 'FINE_INCOME_BASE_CALCULATION': 0.16110006941935062}",0.8770742358078603,0.8563353660716622,-0.020738869736198096,0.0,
1,"{'NORMAL_GROWTH_FACTOR': -0.051775060535976775, 'ESTIMATION_FACTOR': 0.024143245618690246, 'CRISIS_PUMPING_RESTRICTION': 0.7227826344845368}","{'ANTICIPATION_FACTOR': -0.7246370704023097, 'NON_PRIORITY_ACTORS_INCREASE': 1.9635010692382941, 'SUBSIDY_INCOME_BASE_CALCULATION': -0.06741870646501133, 'FINE_INCOME_BASE_CALCULATION': 0.4569403913722745}",0.8687772925764192,0.508769665098685,-0.3600076274777342,0.0,
1,"{'NORMAL_GROWTH_FACTOR': 1.940848922781707, 'ESTIMATION_FACTOR': 0.1833587464455253, 'CRISIS_PUMPING_RESTRICTION': -0.06168977593458767}","{'ANTICIPATION_FACTOR': -0.7088758346319837, 'NON_PRIORITY_ACTORS_INCREASE': 1.4153691138254132, 'SUBSIDY_INCOME_BASE_CALCULATION': -0.07315972480139599, 'FINE_INCOME_BASE_CALCULATION': -0.27228257105349196}",0.895414847161572,0.8195744930928883,-0.07584035406868372,0.0,
1,"{'NORMAL_GROWTH_FACTOR': 0.6354251250888889, 'ESTIMATION_FACTOR': -0.8381436795478237, 'CRISIS_PUMPING_RESTRICTION': -0.04882254286885845}","{'ANTICIPATION_FACTOR': 0.9625341129313876, 'NON_PRIORITY_ACTORS_INCREASE': -0.1298472859727015, 'SUBSIDY_INCOME_BASE_CALCULATION': 0.9921835228230033, 'FINE_INCOME_BASE_CALCULATION': 0.8754975596632544}",0.8873362445414847,0.7248599940484695,-0.16247625049301528,0.0,
1,"{'NORMAL_GROWTH_FACTOR': -0.2588652732670902, 'ESTIMATION_FACTOR': 0.027244087079341575, 'CRISIS_PUMPING_RESTRICTION': -0.06506534734890068}","{'ANTICIPATION_FACTOR': 0.23760351056013498, 'NON_PRIORITY_ACTORS_INCREASE': 0.9709209113548006, 'SUBSIDY_INCOME_BASE_CALCULATION': 0.8306800422369869, 'FINE_INCOME_BASE_CALCULATION': 0.076264913826333}",0.8480349344978166,0.8414923096943633,-0.006542624803453356,0.0,
1,"{'NORMAL_GROWTH_FACTOR': -0.9850917236509351, 'ESTIMATION_FACTOR': -0.0638819704591074, 'CRISIS_PUMPING_RESTRICTION': -0.04373857744670877}","{'ANTICIPATION_FACTOR': -0.21545087552064546, 'NON_PRIORITY_ACTORS_INCREASE': -0.20693453273445442, 'SUBSIDY_INCOME_BASE_CALCULATION': 0.9921835228230033, 'FINE_INCOME_BASE_CALCULATION': 0.8754975596632544}",0.8951965065502183,0.7620217211548087,-0.1331747853954096,0.0,
1,"{'NORMAL_GROWTH_FACTOR': 0.922481344284611, 'ESTIMATION_FACTOR': 0.23548000875779024, 'CRISIS_PUMPING_RESTRICTION': 0.25495954361429735}","{'ANTICIPATION_FACTOR': 0.8090191653950898, 'NON_PRIORITY_ACTORS_INCREASE': 0.9709209113548006, 'SUBSIDY_INCOME_BASE_CALCULATION': -0.06395911790259241, 'FINE_INCOME_BASE_CALCULATION': 0.8879807061840619}",0.8510917030567685,0.5335578546112798,-0.3175338484454887,0.0,
2,"{'NORMAL_GROWTH_FACTOR': -0.12994812506258976, 'ESTIMATION_FACTOR': -0.012436006432472549, 'CRISIS_PUMPING_RESTRICTION': -0.09407372004164868}","{'ANTICIPATION_FACTOR': 0.5036981222026035, 'NON_PRIORITY_ACTORS_INCREASE': -0.03680402453556362, 'SUBSIDY_INCOME_BASE_CALCULATION': -0.006314430749413614, 'FINE_INCOME_BASE_CALCULATION': -0.008529789719778675}",0.8731441048034935,0.8816943238584168,0.00855021905492337,0.0,<src.core.WaterManagementSimulation object at 0x000002B1773AFEC0>
2,"{'NORMAL_GROWTH_FACTOR': -0.17506640263395548, 'ESTIMATION_FACTOR': 0.33147973716743995, 'CRISIS_PUMPING_RESTRICTION': -0.33394616834237095}","{'ANTICIPATION_FACTOR': 0.0227887147336041, 'NON_PRIORITY_ACTORS_INCREASE': 1.0369724457795253, 'SUBSIDY_INCOME_BASE_CALCULATION': 0.4556621820837822, 'FINE_INCOME_BASE_CALCULATION': -0.02152625315633392}",0.8558951965065502,0.8760928745106994,0.020197678004149178,0.0,<src.core.WaterManagementSimulation object at 0x000002B1773AFEC0>
2,"{'NORMAL_GROWTH_FACTOR': -0.8570189596171913, 'ESTIMATION_FACTOR': 0.1758382335217169, 'CRISIS_PUMPING_RESTRICTION': 0.37941688634281745}","{'ANTICIPATION_FACTOR': 0.003542893408198011, 'NON_PRIORITY_ACTORS_INCREASE': 1.6250401068336455, 'SUBSIDY_INCOME_BASE_CALCULATION': 0.25414900487404274, 'FINE_INCOME_BASE_CALCULATION': 0.12109456974387892}",0.8534934497816594,0.8004825956896925,-0.05301085409196693,0.0,
2,"{'NORMAL_GROWTH_FACTOR': 0.007665091601163083, 'ESTIMATION_FACTOR': 0.06160207388413538, 'CRISIS_PUMPING_RESTRICTION': -0.19215293706592126}","{'ANTICIPATION_FACTOR': 0.22905852254985273, 'NON_PRIORITY_ACTORS_INCREASE': 1.6250401068336455, 'SUBSIDY_INCOME_BASE_CALCULATION': -0.02688894688054171, 'FINE_INCOME_BASE_CALCULATION': 0.06437495628976161}",0.8770742358078603,0.8132832718638586,-0.06379096394400163,0.0,
2,"{'NORMAL_GROWTH_FACTOR': -0.12939423891121143, 'ESTIMATION_FACTOR': 0.014087876761474813, 'CRISIS_PUMPING_RESTRICTION': 0.05751809145085409}","{'ANTICIPATION_FACTOR': 0.1055110252729666, 'NON_PRIORITY_ACTORS_INCREASE': -0.03468220261579669, 'SUBSIDY_INCOME_BASE_CALCULATION': -0.7456733962086365, 'FINE_INCOME_BASE_CALCULATION': -0.007299201376223415}",0.8849344978165938,0.8547548420715075,-0.030179655745086298,0.0,
2,"{'NORMAL_GROWTH_FACTOR': 0.041475869509435256, 'ESTIMATION_FACTOR': -0.001781207852990257, 'CRISIS_PUMPING_RESTRICTION': 0.19603683785760018}","{'ANTICIPATION_FACTOR': 0.1055110252729666, 'NON_PRIORITY_ACTORS_INCREASE': 0.10307625816650702, 'SUBSIDY_INCOME_BASE_CALCULATION': -0.7456733962086365, 'FINE_INCOME_BASE_CALCULATION': 0.004965477426506421}",0.8814410480349345,0.8180410835543992,-0.06339996448053531,0.0,
2,"{'NORMAL_GROWTH_FACTOR': -0.1663000018433708, 'ESTIMATION_FACTOR': -0.0638819704591074, 'CRISIS_PUMPING_RESTRICTION': -0.04373857744670877}","{'ANTICIPATION_FACTOR': -0.21545087552064546, 'NON_PRIORITY_ACTORS_INCREASE': -0.20693453273445442, 'SUBSIDY_INCOME_BASE_CALCULATION': -0.52389500737968, 'FINE_INCOME_BASE_CALCULATION': 0.07372375591766968}",0.883406113537118,0.8640010828192389,-0.019405030717879024,0.0,
2,"{'NORMAL_GROWTH_FACTOR': -0.8570189596171913, 'ESTIMATION_FACTOR': 0.1758382335217169, 'CRISIS_PUMPING_RESTRICTION': -0.0891371052943356}","{'ANTICIPATION_FACTOR': -0.10571666143322807, 'NON_PRIORITY_ACTORS_INCREASE': 1.6250401068336455, 'SUBSIDY_INCOME_BASE_CALCULATION': -0.13613590679110185, 'FINE_INCOME_BASE_CALCULATION': 0.4686149248494972}",0.8593886462882097,0.5238613420072983,-0.3355273042809114,0.0,
2,"{'NORMAL_GROWTH_FACTOR': 0.23759351022504002, 'ESTIMATION_FACTOR': -0.0638819704591074, 'CRISIS_PUMPING_RESTRICTION': -0.025881507033164275}","{'ANTICIPATION_FACTOR': -0.21545087552064546, 'NON_PRIORITY_ACTORS_INCREASE': 0.06159156460908631, 'SUBSIDY_INCOME_BASE_CALCULATION': 0.4962890996052872, 'FINE_INCOME_BASE_CALCULATION': 0.33167246200777784}",0.8746724890829695,0.8625441586358329,-0.01212833044713657,0.0,
2,"{'NORMAL_GROWTH_FACTOR': -0.23821564192451858, 'ESTIMATION_FACTOR': -0.00036672246733138967, 'CRISIS_PUMPING_RESTRICTION': 0.04553814489311282}","{'ANTICIPATION_FACTOR': -0.09078304856193929, 'NON_PRIORITY_ACTORS_INCREASE': 1.6099859174998365, 'SUBSIDY_INCOME_BASE_CALCULATION': 0.6179673572260048, 'FINE_INCOME_BASE_CALCULATION': -0.013302061762459396}",0.8174672489082969,0.87521912598189,0.05775187707359308,0.0,<src.core.WaterManagementSimulation object at 0x000002B1773AFEC0>
2,"{'NORMAL_GROWTH_FACTOR': -0.2491699308159288, 'ESTIMATION_FACTOR': 0.01799560650028338, 'CRISIS_PUMPING_RESTRICTION': -0.05684593308971814}","{'ANTICIPATION_FACTOR': 0.27169752246780443, 'NON_PRIORITY_ACTORS_INCREASE': -0.04187677523776904, 'SUBSIDY_INCOME_BASE_CALCULATION': 0.10745401800372727, 'FINE_INCOME_BASE_CALCULATION': 0.25323216444704993}",0.8805676855895197,0.8641817396272817,-0.01638594596223797,0.0,
2,"{'NORMAL_GROWTH_FACTOR': 0.025186760397936676, 'ESTIMATION_FACTOR': 0.0003170073893885607, 'CRISIS_PUMPING_RESTRICTION': 0.3914340441050836}","{'ANTICIPATION_FACTOR': 0.01576435013246029, 'NON_PRIORITY_ACTORS_INCREASE': 0.35443963974751386, 'SUBSIDY_INCOME_BASE_CALCULATION': -0.02682137550193009, 'FINE_INCOME_BASE_CALCULATION': 0.0771693130606643}",0.87117903930131,0.8608197856883177,-0.01035925361299228,0.0,
2,"{'NORMAL_GROWTH_FACTOR': 0.030341468152639408, 'ESTIMATION_FACTOR': 0.1758382335217169, 'CRISIS_PUMPING_RESTRICTION': 0.37941688634281745}","{'ANTICIPATION_FACTOR': 0.7030022489867689, 'NON_PRIORITY_ACTORS_INCREASE': 0.42749374041283195, 'SUBSIDY_INCOME_BASE_CALCULATION': -0.09212491254842595, 'FINE_INCOME_BASE_CALCULATION': 0.06437495628976161}",0.8816593886462882,0.837095750001743,-0.04456363864454527,0.0,
2,"{'NORMAL_GROWTH_FACTOR': 0.5100735996524324, 'ESTIMATION_FACTOR': -0.0638819704591074, 'CRISIS_PUMPING_RESTRICTION': 0.011058503135154465}","{'ANTICIPATION_FACTOR': -0.21545087552064546, 'NON_PRIORITY_ACTORS_INCREASE': -0.20693453273445442, 'SUBSIDY_INCOME_BASE_CALCULATION': 0.9921835228230033, 'FINE_INCOME_BASE_CALCULATION': -0.2337137462221387}",0.8770742358078603,0.7448702042121459,-0.13220403159571437,0.0,
2,"{'NORMAL_GROWTH_FACTOR': -0.0464619632908384, 'ESTIMATION_FACTOR': 0.004232755872119014, 'CRISIS_PUMPING_RESTRICTION': 0.02147469924648604}","{'ANTICIPATION_FACTOR': 0.7030022489867689, 'NON_PRIORITY_ACTORS_INCREASE': 1.6250401068336455, 'SUBSIDY_INCOME_BASE_CALCULATION': 0.009934615293458016, 'FINE_INCOME_BASE_CALCULATION': -0.0029383317708631417}",0.8790393013100437,0.8788570257736833,-0.00018227553636041005,0.0,
2,"{'NORMAL_GROWTH_FACTOR': 0.226165158653955, 'ESTIMATION_FACTOR': -0.0004704135657588319, 'CRISIS_PUMPING_RESTRICTION': 0.37941688634281745}","{'ANTICIPATION_FACTOR': -0.10571666143322807, 'NON_PRIORITY_ACTORS_INCREASE': -0.054316964827745694, 'SUBSIDY_INCOME_BASE_CALCULATION': 0.05530823658583279, 'FINE_INCOME_BASE_CALCULATION': 0.4686149248494972}",0.883406113537118,0.8721065203404977,-0.011299593196620217,0.0,
2,"{'NORMAL_GROWTH_FACTOR': 0.0010106097994708593, 'ESTIMATION_FACTOR': -0.024966559019684306, 'CRISIS_PUMPING_RESTRICTION': -0.017282697510873943}","{'ANTICIPATION_FACTOR': 0.024276780924620878, 'NON_PRIORITY_ACTORS_INCREASE': -0.14941107430203704, 'SUBSIDY_INCOME_BASE_CALCULATION': -0.023124689476470985, 'FINE_INCOME_BASE_CALCULATION': -0.21159433566732616}",0.8672489082969432,0.8653699003701268,-0.0018790079268163895,0.0,
2,"{'NORMAL_GROWTH_FACTOR': -0.8570189596171913, 'ESTIMATION_FACTOR': 0.05565244494864567, 'CRISIS_PUMPING_RESTRICTION': 0.37941688634281745}","{'ANTICIPATION_FACTOR': -0.026037384346166308, 'NON_PRIORITY_ACTORS_INCREASE': -0.5302527909075849, 'SUBSIDY_INCOME_BASE_CALCULATION': -0.018063914418728958, 'FINE_INCOME_BASE_CALCULATION': -0.17239047867252136}",0.880349344978166,0.8432458844000461,-0.03710346057811986,0.0,
2,"{'NORMAL_GROWTH_FACTOR': 0.11630657570105407, 'ESTIMATION_FACTOR': -0.09387461314763998, 'CRISIS_PUMPING_RESTRICTION': 0.37941688634281745}","{'ANTICIPATION_FACTOR': 0.030679216253659932, 'NON_PRIORITY_ACTORS_INCREASE': 1.6250401068336455, 'SUBSIDY_INCOME_BASE_CALCULATION': 0.05788774969363146, 'FINE_INCOME_BASE_CALCULATION': 0.3787025793756811}",0.8615720524017467,0.6656326402689327,-0.19593941213281407,0.0,
2,"{'NORMAL_GROWTH_FACTOR': -1.0456918271881381, 'ESTIMATION_FACTOR': -0.035244718705434545, 'CRISIS_PUMPING_RESTRICTION': 0.06015713758752176}","{'ANTICIPATION_FACTOR': -0.09152423881471121, 'NON_PRIORITY_ACTORS_INCREASE': 0.057961045639699636, 'SUBSIDY_INCOME_BASE_CALCULATION': 0.12036536974077393, 'FINE_INCOME_BASE_CALCULATION': 0.06644222275668667}",0.8978165938864628,0.8756011682369939,-0.02221542564946899,0.0,
2,"{'NORMAL_GROWTH_FACTOR': -0.1202189344390473, 'ESTIMATION_FACTOR': 0.0029938256078496945, 'CRISIS_PUMPING_RESTRICTION': -0.04373857744670877}","{'ANTICIPATION_FACTOR': 0.024950385868317725, 'NON_PRIORITY_ACTORS_INCREASE': 0.0891191570750684, 'SUBSIDY_INCOME_BASE_CALCULATION': -0.2764724789231176, 'FINE_INCOME_BASE_CALCULATION': 0.25545552285666673}",0.8657205240174672,0.8462314970112415,-0.01948902700622579,0.0,
2,"{'NORMAL_GROWTH_FACTOR': 0.47078972061271185, 'ESTIMATION_FACTOR': -0.03392229342576292, 'CRISIS_PUMPING_RESTRICTION': 0.03208712030475784}","{'ANTICIPATION_FACTOR': -0.1876995473243725, 'NON_PRIORITY_ACTORS_INCREASE': 0.4448937829546298, 'SUBSIDY_INCOME_BASE_CALCULATION': -0.012404893953256682, 'FINE_INCOME_BASE_CALCULATION': -0.01182814452465147}",0.8713973799126637,0.8752793563524979,0.0038819764398341228,0.0,
2,"{'NORMAL_GROWTH_FACTOR': -0.1978571608988652, 'ESTIMATION_FACTOR': -0.09867954572234851, 'CRISIS_PUMPING_RESTRICTION': -0.33394616834237095}","{'ANTICIPATION_FACTOR': -0.5344041901243526, 'NON_PRIORITY_ACTORS_INCREASE': 1.0369724457795253, 'SUBSIDY_INCOME_BASE_CALCULATION': -0.04804828344541467, 'FINE_INCOME_BASE_CALCULATION': 0.013997469413091464}",0.8820960698689956,0.8472582896590214,-0.03483778020997419,0.0,
2,"{'NORMAL_GROWTH_FACTOR': -0.9850917236509351, 'ESTIMATION_FACTOR': -0.0638819704591074, 'CRISIS_PUMPING_RESTRICTION': -0.04373857744670877}","{'ANTICIPATION_FACTOR': -0.06645589051562384, 'NON_PRIORITY_ACTORS_INCREASE': 0.05553595880928109, 'SUBSIDY_INCOME_BASE_CALCULATION': -0.19727596728358432, 'FINE_INCOME_BASE_CALCULATION': 0.8754975596632544}",0.8877729257641921,0.8368900662168288,-0.05088285954736327,0.0,
2,"{'NORMAL_GROWTH_FACTOR': 1.931492637340647, 'ESTIMATION_FACTOR': 0.4939132735533754, 'CRISIS_PUMPING_RESTRICTION': 0.06015713758752176}","{'ANTICIPATION_FACTOR': -0.09152423881471121, 'NON_PRIORITY_ACTORS_INCREASE': 0.11295088254498094, 'SUBSIDY_INCOME_BASE_CALCULATION': -0.019238377737589442, 'FINE_INCOME_BASE_CALCULATION': 0.042318380566127925}",0.8648471615720524,0.8764895583772906,0.011642396805238153,0.0,
3,"{'NORMAL_GROWTH_FACTOR': 0.0195786174295508, 'ESTIMATION_FACTOR': 0.004264682149322107, 'CRISIS_PUMPING_RESTRICTION': -0.05684593308971814}","{'ANTICIPATION_FACTOR': -0.047428993309963315, 'NON_PRIORITY_ACTORS_INCREASE': 0.009924227394048177, 'SUBSIDY_INCOME_BASE_CALCULATION': 0.10745401800372727, 'FINE_INCOME_BASE_CALCULATION': -0.0039018836606676557}",0.9002183406113538,0.8775575669784947,-0.02266077363285901,0.0,<src.core.WaterManagementSimulation object at 0x000002B1773AFEC0>
3,"{'NORMAL_GROWTH_FACTOR': 0.04158689974098088, 'ESTIMATION_FACTOR': -0.03392229342576292, 'CRISIS_PUMPING_RESTRICTION': 0.03208712030475784}","{'ANTICIPATION_FACTOR': -0.1876995473243725, 'NON_PRIORITY_ACTORS_INCREASE': -0.1823235506359172, 'SUBSIDY_INCOME_BASE_CALCULATION': -0.001178239938812303, 'FINE_INCOME_BASE_CALCULATION': -0.01182814452465147}",0.8735807860262009,0.8765540406446914,0.0029732546184905173,0.0,<src.core.WaterManagementSimulation object at 0x000002B1773AFEC0>
3,"{'NORMAL_GROWTH_FACTOR': -0.8570189596171913, 'ESTIMATION_FACTOR': 0.026806392438725665, 'CRISIS_PUMPING_RESTRICTION': 0.37941688634281745}","{'ANTICIPATION_FACTOR': 0.0003672925650245335, 'NON_PRIORITY_ACTORS_INCREASE': 1.6250401068336455, 'SUBSIDY_INCOME_BASE_CALCULATION': 0.0009670847150954256, 'FINE_INCOME_BASE_CALCULATION': 0.04587624676865145}",0.8930131004366813,0.8479156544962932,-0.045097445940388003,0.0,
3,"{'NORMAL_GROWTH_FACTOR': 0.226165158653955, 'ESTIMATION_FACTOR': -0.0004704135657588319, 'CRISIS_PUMPING_RESTRICTION': 0.37941688634281745}","{'ANTICIPATION_FACTOR': -0.022056497744191342, 'NON_PRIORITY_ACTORS_INCREASE': -0.015577814874641657, 'SUBSIDY_INCOME_BASE_CALCULATION': -0.005157228689160907, 'FINE_INCOME_BASE_CALCULATION': 0.11970903145323293}",0.8962882096069869,0.8752198195618567,-0.02106839004513017,0.0,
3,"{'NORMAL_GROWTH_FACTOR': -0.8570189596171913, 'ESTIMATION_FACTOR': 0.004399244661386394, 'CRISIS_PUMPING_RESTRICTION': -0.08917156465087041}","{'ANTICIPATION_FACTOR': -0.026037384346166308, 'NON_PRIORITY_ACTORS_INCREASE': 0.04694347159734195, 'SUBSIDY_INCOME_BASE_CALCULATION': -0.018063914418728958, 'FINE_INCOME_BASE_CALCULATION': -0.17239047867252136}",0.8951965065502183,0.8772049757556947,-0.017991530794523647,0.0,
3,"{'NORMAL_GROWTH_FACTOR': 0.04187047935325888, 'ESTIMATION_FACTOR': -0.08034065108363357, 'CRISIS_PUMPING_RESTRICTION': 0.0012730245268094242}","{'ANTICIPATION_FACTOR': 0.0019347241480205306, 'NON_PRIORITY_ACTORS_INCREASE': 1.0369724457795253, 'SUBSIDY_INCOME_BASE_CALCULATION': 0.4556621820837822, 'FINE_INCOME_BASE_CALCULATION': -0.0015708663264487265}",0.8539301310043668,0.8779135888016473,0.023983457797280505,0.0,<src.core.WaterManagementSimulation object at 0x000002B1773AFEC0>
3,"{'NORMAL_GROWTH_FACTOR': -0.8570189596171913, 'ESTIMATION_FACTOR': 0.1758382335217169, 'CRISIS_PUMPING_RESTRICTION': -0.0891371052943356}","{'ANTICIPATION_FACTOR': -0.10571666143322807, 'NON_PRIORITY_ACTORS_INCREASE': 0.2963939102557855, 'SUBSIDY_INCOME_BASE_CALCULATION': 0.012894520332690361, 'FINE_INCOME_BASE_CALCULATION': 0.4686149248494972}",0.8829694323144105,0.8193617610392994,-0.06360767127511113,0.0,
3,"{'NORMAL_GROWTH_FACTOR': 0.025186760397936676, 'ESTIMATION_FACTOR': 0.0003170073893885607, 'CRISIS_PUMPING_RESTRICTION': 0.0719791041769811}","{'ANTICIPATION_FACTOR': 0.004287364944934453, 'NON_PRIORITY_ACTORS_INCREASE': -0.005623590339673443, 'SUBSIDY_INCOME_BASE_CALCULATION': -0.004595495912668539, 'FINE_INCOME_BASE_CALCULATION': -0.029405035577986387}",0.8814410480349345,0.879303774263265,-0.002137273771669501,0.0,
3,"{'NORMAL_GROWTH_FACTOR': -0.8570189596171913, 'ESTIMATION_FACTOR': 0.1758382335217169, 'CRISIS_PUMPING_RESTRICTION': -0.0759552523041134}","{'ANTICIPATION_FACTOR': 0.003542893408198011, 'NON_PRIORITY_ACTORS_INCREASE': 1.6250401068336455, 'SUBSIDY_INCOME_BASE_CALCULATION': -0.018062317137215296, 'FINE_INCOME_BASE_CALCULATION': 0.03190548475236547}",0.8827510917030568,0.8443348941478557,-0.03841619755520109,0.0,
3,"{'NORMAL_GROWTH_FACTOR': 0.47078972061271185, 'ESTIMATION_FACTOR': 0.008396313705078255, 'CRISIS_PUMPING_RESTRICTION': 0.03208712030475784}","{'ANTICIPATION_FACTOR': 0.05620412470754013, 'NON_PRIORITY_ACTORS_INCREASE': 0.206671439206524, 'SUBSIDY_INCOME_BASE_CALCULATION': 0.0021617512489686195, 'FINE_INCOME_BASE_CALCULATION': -0.01182814452465147}",0.890174672489083,0.8809388774715601,-0.009235795017522919,0.0,
3,"{'NORMAL_GROWTH_FACTOR': 0.1551938843146606, 'ESTIMATION_FACTOR': 4.715110857326395e-05, 'CRISIS_PUMPING_RESTRICTION': -0.016279456665781726}","{'ANTICIPATION_FACTOR': -0.0026079202550921, 'NON_PRIORITY_ACTORS_INCREASE': -0.5302527909075849, 'SUBSIDY_INCOME_BASE_CALCULATION': 0.00042725253681932546, 'FINE_INCOME_BASE_CALCULATION': -0.044381353460717955}",0.894759825327511,0.8696502027539231,-0.025109622573587842,0.0,
3,"{'NORMAL_GROWTH_FACTOR': -0.8570189596171913, 'ESTIMATION_FACTOR': 0.1758382335217169, 'CRISIS_PUMPING_RESTRICTION': 0.37941688634281745}","{'ANTICIPATION_FACTOR': 0.003542893408198011, 'NON_PRIORITY_ACTORS_INCREASE': 0.6891446012891713, 'SUBSIDY_INCOME_BASE_CALCULATION': 0.07201788204085648, 'FINE_INCOME_BASE_CALCULATION': -0.0031324390469328334}",0.8820960698689956,0.8804431270560363,-0.001652942812959246,0.0,
3,"{'NORMAL_GROWTH_FACTOR': 0.07726240103059284, 'ESTIMATION_FACTOR': -0.005331112617456388, 'CRISIS_PUMPING_RESTRICTION': 0.019401112797420034}","{'ANTICIPATION_FACTOR': -0.03170080687236632, 'NON_PRIORITY_ACTORS_INCREASE': -0.009503270105490184, 'SUBSIDY_INCOME_BASE_CALCULATION': 0.10745401800372727, 'FINE_INCOME_BASE_CALCULATION': 0.010535340804608351}",0.8786026200873363,0.8786125239094086,9.903822072332424e-06,0.0,
3,"{'NORMAL_GROWTH_FACTOR': 0.08633907324155934, 'ESTIMATION_FACTOR': -0.05227364425353205, 'CRISIS_PUMPING_RESTRICTION': -0.009890722648048501}","{'ANTICIPATION_FACTOR': 0.017169779776118155, 'NON_PRIORITY_ACTORS_INCREASE': 1.6250401068336455, 'SUBSIDY_INCOME_BASE_CALCULATION': -0.13613590679110185, 'FINE_INCOME_BASE_CALCULATION': -0.0058752737466437705}",0.895414847161572,0.7699646105082903,-0.1254502366532817,0.0,
3,"{'NORMAL_GROWTH_FACTOR': 0.226165158653955, 'ESTIMATION_FACTOR': -0.0004704135657588319, 'CRISIS_PUMPING_RESTRICTION': -0.056667066156601956}","{'ANTICIPATION_FACTOR': 0.016480245416404506, 'NON_PRIORITY_ACTORS_INCREASE': -0.054316964827745694, 'SUBSIDY_INCOME_BASE_CALCULATION': 0.022898127616119094, 'FINE_INCOME_BASE_CALCULATION': -0.05051785446484825}",0.8816593886462882,0.8773632431434888,-0.004296145502799442,0.0,
3,"{'NORMAL_GROWTH_FACTOR': 0.005365129868258656, 'ESTIMATION_FACTOR': 0.01912133059547149, 'CRISIS_PUMPING_RESTRICTION': 0.20870438130689686}","{'ANTICIPATION_FACTOR': 0.7030022489867689, 'NON_PRIORITY_ACTORS_INCREASE': -0.08839403662245632, 'SUBSIDY_INCOME_BASE_CALCULATION': 0.024968676832829835, 'FINE_INCOME_BASE_CALCULATION': 0.009214440330184741}",0.8779475982532751,0.8778362126168389,-0.00011138563643620092,0.0,
3,"{'NORMAL_GROWTH_FACTOR': 0.08542326953745612, 'ESTIMATION_FACTOR': -0.02640352851560709, 'CRISIS_PUMPING_RESTRICTION': -0.01361505854975169}","{'ANTICIPATION_FACTOR': 0.007602846387170033, 'NON_PRIORITY_ACTORS_INCREASE': 1.6250401068336455, 'SUBSIDY_INCOME_BASE_CALCULATION': -0.13613590679110185, 'FINE_INCOME_BASE_CALCULATION': 0.027299615576101364}",0.8720524017467249,0.7510332772114884,-0.12101912453523656,0.0,
3,"{'NORMAL_GROWTH_FACTOR': -0.023490792993081638, 'ESTIMATION_FACTOR': -1.5280203308947108e-06, 'CRISIS_PUMPING_RESTRICTION': 0.37941688634281745}","{'ANTICIPATION_FACTOR': 0.014666744191280104, 'NON_PRIORITY_ACTORS_INCREASE': -0.054316964827745694, 'SUBSIDY_INCOME_BASE_CALCULATION': 0.05530823658583279, 'FINE_INCOME_BASE_CALCULATION': 0.4686149248494972}",0.8910480349344978,0.8699400739606273,-0.021107960973870465,0.0,
3,"{'NORMAL_GROWTH_FACTOR': 0.05598690372388096, 'ESTIMATION_FACTOR': 0.042571021888304486, 'CRISIS_PUMPING_RESTRICTION': 0.017911881215666208}","{'ANTICIPATION_FACTOR': -0.021879556803822312, 'NON_PRIORITY_ACTORS_INCREASE': 1.6250401068336455, 'SUBSIDY_INCOME_BASE_CALCULATION': -0.13613590679110185, 'FINE_INCOME_BASE_CALCULATION': 0.4686149248494972}",0.874235807860262,0.5079314125652179,-0.3663043952950441,0.0,
3,"{'NORMAL_GROWTH_FACTOR': -0.17506640263395548, 'ESTIMATION_FACTOR': -0.007780062453910766, 'CRISIS_PUMPING_RESTRICTION': 0.1107860335473827}","{'ANTICIPATION_FACTOR': -0.01338065419644523, 'NON_PRIORITY_ACTORS_INCREASE': 1.0369724457795253, 'SUBSIDY_INCOME_BASE_CALCULATION': 0.09479251625207896, 'FINE_INCOME_BASE_CALCULATION': 0.001877681736732061}",0.8792576419213973,0.8797572099807461,0.0004995680593488094,0.0,
3,"{'NORMAL_GROWTH_FACTOR': 0.0010106097994708593, 'ESTIMATION_FACTOR': -0.024966559019684306, 'CRISIS_PUMPING_RESTRICTION': -0.004720183093917811}","{'ANTICIPATION_FACTOR': 0.024276780924620878, 'NON_PRIORITY_ACTORS_INCREASE': 0.0029681751302658333, 'SUBSIDY_INCOME_BASE_CALCULATION': 0.0038546606695820333, 'FINE_INCOME_BASE_CALCULATION': -0.21159433566732616}",0.8908296943231441,0.8780124989466139,-0.012817195376530144,0.0,
3,"{'NORMAL_GROWTH_FACTOR': -0.013688812882266733, 'ESTIMATION_FACTOR': 0.00035931699157878006, 'CRISIS_PUMPING_RESTRICTION': 0.03208712030475784}","{'ANTICIPATION_FACTOR': -0.1876995473243725, 'NON_PRIORITY_ACTORS_INCREASE': 0.4448937829546298, 'SUBSIDY_INCOME_BASE_CALCULATION': -0.0017171696928649735, 'FINE_INCOME_BASE_CALCULATION': -0.01182814452465147}",0.8617903930131005,0.8797228903295627,0.017932497316462293,0.0,
3,"{'NORMAL_GROWTH_FACTOR': -0.13981009197879166, 'ESTIMATION_FACTOR': 0.008197102249994868, 'CRISIS_PUMPING_RESTRICTION': 0.01346043784480962}","{'ANTICIPATION_FACTOR': -0.10571666143322807, 'NON_PRIORITY_ACTORS_INCREASE': 1.6250401068336455, 'SUBSIDY_INCOME_BASE_CALCULATION': -0.13613590679110185, 'FINE_INCOME_BASE_CALCULATION': 0.4686149248494972}",0.862882096069869,0.5122996622599266,-0.35058243380994236,0.0,
3,"{'NORMAL_GROWTH_FACTOR': 0.058213512666652256, 'ESTIMATION_FACTOR': -0.09867954572234851, 'CRISIS_PUMPING_RESTRICTION': -0.013028141701959524}","{'ANTICIPATION_FACTOR': 0.010570420263716135, 'NON_PRIORITY_ACTORS_INCREASE': 0.2778430690893968, 'SUBSIDY_INCOME_BASE_CALCULATION': 0.014654106063083407, 'FINE_INCOME_BASE_CALCULATION': -0.001428202267650004}",0.8770742358078603,0.8801100245272142,0.003035788719353949,0.0,
3,"{'NORMAL_GROWTH_FACTOR': -0.17506640263395548, 'ESTIMATION_FACTOR': 0.026352256096550522, 'CRISIS_PUMPING_RESTRICTION': -0.06721814974913799}","{'ANTICIPATION_FACTOR': 0.0227887147336041, 'NON_PRIORITY_ACTORS_INCREASE': 1.0369724457795253, 'SUBSIDY_INCOME_BASE_CALCULATION': 0.4556621820837822, 'FINE_INCOME_BASE_CALCULATION': -0.02152625315633392}",0.8650655021834062,0.8769566035678564,0.011891101384450264,0.0,
4,"{'NORMAL_GROWTH_FACTOR': -0.17506640263395548, 'ESTIMATION_FACTOR': 0.026352256096550522, 'CRISIS_PUMPING_RESTRICTION': -0.005645848270783085}","{'ANTICIPATION_FACTOR': 0.0227887147336041, 'NON_PRIORITY_ACTORS_INCREASE': -0.06486111063104841, 'SUBSIDY_INCOME_BASE_CALCULATION': 0.4556621820837822, 'FINE_INCOME_BASE_CALCULATION': -0.02152625315633392}",0.8707423580786027,0.8619838036877058,-0.0087585543908969,0.0,<src.core.WaterManagementSimulation object at 0x000002B1773AFEC0>
4,"{'NORMAL_GROWTH_FACTOR': -0.01678333989474931, 'ESTIMATION_FACTOR': 0.005616913464000452, 'CRISIS_PUMPING_RESTRICTION': -0.008444274093936078}","{'ANTICIPATION_FACTOR': 0.0003672925650245335, 'NON_PRIORITY_ACTORS_INCREASE': 1.6250401068336455, 'SUBSIDY_INCOME_BASE_CALCULATION': -0.0001355497006821014, 'FINE_INCOME_BASE_CALCULATION': 0.04587624676865145}",0.8770742358078603,0.8505583284483605,-0.026515907359499713,0.0,
4,"{'NORMAL_GROWTH_FACTOR': -0.01164259616671215, 'ESTIMATION_FACTOR': -0.05227364425353205, 'CRISIS_PUMPING_RESTRICTION': -0.000903534778742251}","{'ANTICIPATION_FACTOR': -0.0001903126676098711, 'NON_PRIORITY_ACTORS_INCREASE': 1.6250401068336455, 'SUBSIDY_INCOME_BASE_CALCULATION': -0.13613590679110185, 'FINE_INCOME_BASE_CALCULATION': 0.0005216672486070882}",0.8971615720524018,0.7649782139301086,-0.1321833581222932,0.0,
4,"{'NORMAL_GROWTH_FACTOR': -0.0004927795402802076, 'ESTIMATION_FACTOR': 0.00035931699157878006, 'CRISIS_PUMPING_RESTRICTION': 0.007260965430933015}","{'ANTICIPATION_FACTOR': -0.1876995473243725, 'NON_PRIORITY_ACTORS_INCREASE': 0.008380706245374755, 'SUBSIDY_INCOME_BASE_CALCULATION': 0.0003629451744834524, 'FINE_INCOME_BASE_CALCULATION': -0.01182814452465147}",0.8956331877729258,0.8789597859869831,-0.016673401785942676,0.0,
4,"{'NORMAL_GROWTH_FACTOR': 0.0010106097994708593, 'ESTIMATION_FACTOR': -0.004850606457654517, 'CRISIS_PUMPING_RESTRICTION': -0.0006737800172433471}","{'ANTICIPATION_FACTOR': 9.062146215448018e-05, 'NON_PRIORITY_ACTORS_INCREASE': 0.0029681751302658333, 'SUBSIDY_INCOME_BASE_CALCULATION': 0.0007560972242761536, 'FINE_INCOME_BASE_CALCULATION': -0.0013756206533680473}",0.8779475982532751,0.877821069404114,-0.00012652884916108942,0.0,<src.core.WaterManagementSimulation object at 0x000002B1773AFEC0>
4,"{'NORMAL_GROWTH_FACTOR': 0.07726240103059284, 'ESTIMATION_FACTOR': 0.0004269929841398837, 'CRISIS_PUMPING_RESTRICTION': 0.019401112797420034}","{'ANTICIPATION_FACTOR': -0.00711757593392449, 'NON_PRIORITY_ACTORS_INCREASE': -0.009503270105490184, 'SUBSIDY_INCOME_BASE_CALCULATION': -0.01180821913915892, 'FINE_INCOME_BASE_CALCULATION': 0.010535340804608351}",0.8796943231441048,0.8812672516974467,0.0015729285533419013,0.0,<src.core.WaterManagementSimulation object at 0x000002B1773AFEC0>
4,"{'NORMAL_GROWTH_FACTOR': -0.8570189596171913, 'ESTIMATION_FACTOR': 0.026806392438725665, 'CRISIS_PUMPING_RESTRICTION': -0.034689950473708174}","{'ANTICIPATION_FACTOR': -3.7224889454679272e-06, 'NON_PRIORITY_ACTORS_INCREASE': 1.6250401068336455, 'SUBSIDY_INCOME_BASE_CALCULATION': -0.00013600858772954102, 'FINE_INCOME_BASE_CALCULATION': -0.0035311055941282775}",0.8775109170305677,0.8788795165197278,0.0013685994891601272,0.0,
4,"{'NORMAL_GROWTH_FACTOR': 0.21037960683621873, 'ESTIMATION_FACTOR': 0.1758382335217169, 'CRISIS_PUMPING_RESTRICTION': -0.0891371052943356}","{'ANTICIPATION_FACTOR': 0.027096563007586574, 'NON_PRIORITY_ACTORS_INCREASE': 0.2963939102557855, 'SUBSIDY_INCOME_BASE_CALCULATION': 0.012894520332690361, 'FINE_INCOME_BASE_CALCULATION': 0.4686149248494972}",0.8737991266375545,0.8181944524162207,-0.05560467422133386,0.0,
4,"{'NORMAL_GROWTH_FACTOR': -0.0001797095640288043, 'ESTIMATION_FACTOR': -0.024966559019684306, 'CRISIS_PUMPING_RESTRICTION': 0.0009699589915638464}","{'ANTICIPATION_FACTOR': 0.024276780924620878, 'NON_PRIORITY_ACTORS_INCREASE': 0.00014272949135885884, 'SUBSIDY_INCOME_BASE_CALCULATION': 0.000535395827990743, 'FINE_INCOME_BASE_CALCULATION': -0.21159433566732616}",0.8661572052401747,0.8789011424571664,0.012743937216991741,0.0,<src.core.WaterManagementSimulation object at 0x000002B1773AFEC0>
4,"{'NORMAL_GROWTH_FACTOR': -0.018924360806540388, 'ESTIMATION_FACTOR': -0.0002781893976308259, 'CRISIS_PUMPING_RESTRICTION': -0.0001903590779116994}","{'ANTICIPATION_FACTOR': -0.10571666143322807, 'NON_PRIORITY_ACTORS_INCREASE': 1.6250401068336455, 'SUBSIDY_INCOME_BASE_CALCULATION': 0.007151571397528104, 'FINE_INCOME_BASE_CALCULATION': 0.08490699463297353}",0.8858078602620088,0.8227563711518011,-0.06305148911020764,0.0,
4,"{'NORMAL_GROWTH_FACTOR': 0.08542326953745612, 'ESTIMATION_FACTOR': -0.02640352851560709, 'CRISIS_PUMPING_RESTRICTION': 0.0008523006863666067}","{'ANTICIPATION_FACTOR': 0.0006130394685997983, 'NON_PRIORITY_ACTORS_INCREASE': 0.06519045908409328, 'SUBSIDY_INCOME_BASE_CALCULATION': -0.036659486215536476, 'FINE_INCOME_BASE_CALCULATION': -0.00091643449773042}",0.8600436681222707,0.8773366856655772,0.017293017543306477,0.0,<src.core.WaterManagementSimulation object at 0x000002B1773AFEC0>
4,"{'NORMAL_GROWTH_FACTOR': -0.13981009197879166, 'ESTIMATION_FACTOR': -0.001666942916506372, 'CRISIS_PUMPING_RESTRICTION': 0.01346043784480962}","{'ANTICIPATION_FACTOR': -0.10571666143322807, 'NON_PRIORITY_ACTORS_INCREASE': 1.6250401068336455, 'SUBSIDY_INCOME_BASE_CALCULATION': -0.13613590679110185, 'FINE_INCOME_BASE_CALCULATION': 0.09203436722348554}",0.8849344978165938,0.7097738689771215,-0.17516062883947237,0.0,
4,"{'NORMAL_GROWTH_FACTOR': -0.013688812882266733, 'ESTIMATION_FACTOR': -2.520519957549285e-05, 'CRISIS_PUMPING_RESTRICTION': 0.03208712030475784}","{'ANTICIPATION_FACTOR': -0.1876995473243725, 'NON_PRIORITY_ACTORS_INCREASE': 0.01938512849226616, 'SUBSIDY_INCOME_BASE_CALCULATION': -0.0017171696928649735, 'FINE_INCOME_BASE_CALCULATION': -0.0010584005329602212}",0.8812227074235808,0.8788325706127794,-0.0023901368108013576,0.0,
4,"{'NORMAL_GROWTH_FACTOR': 0.03968380761286742, 'ESTIMATION_FACTOR': 0.026352256096550522, 'CRISIS_PUMPING_RESTRICTION': 0.0039071480136572264}","{'ANTICIPATION_FACTOR': 0.00042145945812966106, 'NON_PRIORITY_ACTORS_INCREASE': 0.043592550426788806, 'SUBSIDY_INCOME_BASE_CALCULATION': 0.07542888282014285, 'FINE_INCOME_BASE_CALCULATION': 0.0028166051610630715}",0.870524017467249,0.8800260157398472,0.009501998272598233,0.0,
4,"{'NORMAL_GROWTH_FACTOR': -0.00015014290997347106, 'ESTIMATION_FACTOR': 0.0035042644631232953, 'CRISIS_PUMPING_RESTRICTION': -0.0011652473415963145}","{'ANTICIPATION_FACTOR': -0.004552542139163081, 'NON_PRIORITY_ACTORS_INCREASE': -0.0001925128494490049, 'SUBSIDY_INCOME_BASE_CALCULATION': 0.0038546606695820333, 'FINE_INCOME_BASE_CALCULATION': -0.027045991671916406}",0.8823144104803493,0.8787235342516315,-0.0035908762287177876,0.0,
4,"{'NORMAL_GROWTH_FACTOR': 0.0010106097994708593, 'ESTIMATION_FACTOR': 0.0025962559208232315, 'CRISIS_PUMPING_RESTRICTION': -0.0011045349848533507}","{'ANTICIPATION_FACTOR': -0.00129884445656852, 'NON_PRIORITY_ACTORS_INCREASE': 0.0029681751302658333, 'SUBSIDY_INCOME_BASE_CALCULATION': 0.00035145949069685905, 'FINE_INCOME_BASE_CALCULATION': 0.022903068246166676}",0.8890829694323145,0.8793970384712876,-0.009685930961026878,0.0,
4,"{'NORMAL_GROWTH_FACTOR': 1.3340070343115765e-05, 'ESTIMATION_FACTOR': 0.0012206689491394583, 'CRISIS_PUMPING_RESTRICTION': 0.20870438130689686}","{'ANTICIPATION_FACTOR': 0.10595398507381605, 'NON_PRIORITY_ACTORS_INCREASE': -0.08839403662245632, 'SUBSIDY_INCOME_BASE_CALCULATION': -0.007531601988436441, 'FINE_INCOME_BASE_CALCULATION': 0.00012702715541938533}",0.8829694323144105,0.8781450033713056,-0.004824428943104864,0.0,
4,"{'NORMAL_GROWTH_FACTOR': 0.1551938843146606, 'ESTIMATION_FACTOR': 4.715110857326395e-05, 'CRISIS_PUMPING_RESTRICTION': -0.016279456665781726}","{'ANTICIPATION_FACTOR': 0.00017495211937058026, 'NON_PRIORITY_ACTORS_INCREASE': -0.5302527909075849, 'SUBSIDY_INCOME_BASE_CALCULATION': 0.00042725253681932546, 'FINE_INCOME_BASE_CALCULATION': -0.0020771514865196516}",0.8670305676855895,0.878306953144803,0.0112763854592135,0.0,
4,"{'NORMAL_GROWTH_FACTOR': 0.08633907324155934, 'ESTIMATION_FACTOR': 0.0040796164139448405, 'CRISIS_PUMPING_RESTRICTION': -0.009890722648048501}","{'ANTICIPATION_FACTOR': 0.002128614422770592, 'NON_PRIORITY_ACTORS_INCREASE': -0.05923303936340864, 'SUBSIDY_INCOME_BASE_CALCULATION': 0.009775130362630191, 'FINE_INCOME_BASE_CALCULATION': 0.00047021767892431264}",0.8786026200873363,0.8796873590823565,0.0010847389950202624,0.0,
4,"{'NORMAL_GROWTH_FACTOR': -0.019648171931008398, 'ESTIMATION_FACTOR': 6.021347547998502e-05, 'CRISIS_PUMPING_RESTRICTION': 0.0025144962620771874}","{'ANTICIPATION_FACTOR': 0.019998601019925483, 'NON_PRIORITY_ACTORS_INCREASE': 1.6250401068336455, 'SUBSIDY_INCOME_BASE_CALCULATION': 0.007924556165503388, 'FINE_INCOME_BASE_CALCULATION': 0.4686149248494972}",0.848471615720524,0.6348509833165251,-0.21362063240399887,0.0,
4,"{'NORMAL_GROWTH_FACTOR': 0.07726240103059284, 'ESTIMATION_FACTOR': -0.00026020734878255024, 'CRISIS_PUMPING_RESTRICTION': 0.0019387957418455853}","{'ANTICIPATION_FACTOR': -0.03170080687236632, 'NON_PRIORITY_ACTORS_INCREASE': -0.00046048407924785935, 'SUBSIDY_INCOME_BASE_CALCULATION': 0.10745401800372727, 'FINE_INCOME_BASE_CALCULATION': 0.010535340804608351}",0.8707423580786027,0.8788459205607395,0.008103562482136839,0.0,
4,"{'NORMAL_GROWTH_FACTOR': 0.017888376566521487, 'ESTIMATION_FACTOR': 0.008197102249994868, 'CRISIS_PUMPING_RESTRICTION': -0.0015282841947850062}","{'ANTICIPATION_FACTOR': -0.017137071948202617, 'NON_PRIORITY_ACTORS_INCREASE': 1.6250401068336455, 'SUBSIDY_INCOME_BASE_CALCULATION': -0.006231380951046177, 'FINE_INCOME_BASE_CALCULATION': 0.08203227434717013}",0.872707423580786,0.8215572800542826,-0.05115014352650338,0.0,
4,"{'NORMAL_GROWTH_FACTOR': 0.0001582876995466577, 'ESTIMATION_FACTOR': -0.0054859732011065575, 'CRISIS_PUMPING_RESTRICTION': -0.0004213588843851151}","{'ANTICIPATION_FACTOR': 0.024276780924620878, 'NON_PRIORITY_ACTORS_INCREASE': -0.0008686886691341878, 'SUBSIDY_INCOME_BASE_CALCULATION': -0.00046339845200672286, 'FINE_INCOME_BASE_CALCULATION': 0.015068978304342605}",0.883406113537118,0.8799220218197723,-0.00348409171734565,0.0,
4,"{'NORMAL_GROWTH_FACTOR': 0.1464090511986187, 'ESTIMATION_FACTOR': 0.1758382335217169, 'CRISIS_PUMPING_RESTRICTION': -0.010508156069144119}","{'ANTICIPATION_FACTOR': 0.000396113194826696, 'NON_PRIORITY_ACTORS_INCREASE': 1.6250401068336455, 'SUBSIDY_INCOME_BASE_CALCULATION': -0.0012096411196440512, 'FINE_INCOME_BASE_CALCULATION': 0.03190548475236547}",0.8814410480349345,0.8557034526680452,-0.025737595366889354,0.0,
4,"{'NORMAL_GROWTH_FACTOR': -0.0052043276688618235, 'ESTIMATION_FACTOR': 0.002602530059557516, 'CRISIS_PUMPING_RESTRICTION': -0.0010535143639176325}","{'ANTICIPATION_FACTOR': 0.007602846387170033, 'NON_PRIORITY_ACTORS_INCREASE': 1.6250401068336455, 'SUBSIDY_INCOME_BASE_CALCULATION': 0.013040993029772806, 'FINE_INCOME_BASE_CALCULATION': -0.0013560764534922252}",0.8827510917030568,0.8781899444506573,-0.004561147252399422,0.0,
5,"{'NORMAL_GROWTH_FACTOR': -0.006408844420157599, 'ESTIMATION_FACTOR': 5.890633255364359e-05, 'CRISIS_PUMPING_RESTRICTION': 0.019401112797420034}","{'ANTICIPATION_FACTOR': -0.00010549554587320988, 'NON_PRIORITY_ACTORS_INCREASE': 0.0006720142289907851, 'SUBSIDY_INCOME_BASE_CALCULATION': -0.01180821913915892, 'FINE_INCOME_BASE_CALCULATION': -0.0004773674988476188}",0.8792576419213973,0.8772216860150419,-0.0020359559063554133,0.0,<src.core.WaterManagementSimulation object at 0x000002B1773AFEC0>
5,"{'NORMAL_GROWTH_FACTOR': 0.000892295593060229, 'ESTIMATION_FACTOR': 0.0004269929841398837, 'CRISIS_PUMPING_RESTRICTION': 0.00026214962735774495}","{'ANTICIPATION_FACTOR': 4.605424275733862e-05, 'NON_PRIORITY_ACTORS_INCREASE': -0.0020015250940185834, 'SUBSIDY_INCOME_BASE_CALCULATION': -0.0003432339734318259, 'FINE_INCOME_BASE_CALCULATION': -0.0007319027200521529}",0.8733624454148472,0.8791524238051215,0.005789978390274286,0.0,<src.core.WaterManagementSimulation object at 0x000002B1773AFEC0>
5,"{'NORMAL_GROWTH_FACTOR': -1.4794195868635764e-06, 'ESTIMATION_FACTOR': 0.00010961800338013997, 'CRISIS_PUMPING_RESTRICTION': -0.0011652473415963145}","{'ANTICIPATION_FACTOR': -0.004552542139163081, 'NON_PRIORITY_ACTORS_INCREASE': -0.0001925128494490049, 'SUBSIDY_INCOME_BASE_CALCULATION': 3.133234125042177e-06, 'FINE_INCOME_BASE_CALCULATION': -0.001779386154494551}",0.877292576419214,0.8800382464765293,0.002745670057315297,0.0,
5,"{'NORMAL_GROWTH_FACTOR': -0.015204835813552382, 'ESTIMATION_FACTOR': 0.1758382335217169, 'CRISIS_PUMPING_RESTRICTION': -0.0004062633765754821}","{'ANTICIPATION_FACTOR': -2.547191328074669e-06, 'NON_PRIORITY_ACTORS_INCREASE': 1.6250401068336455, 'SUBSIDY_INCOME_BASE_CALCULATION': 0.00012004008276831321, 'FINE_INCOME_BASE_CALCULATION': 0.03190548475236547}",0.9078602620087336,0.8534653498840628,-0.05439491212467085,0.0,
5,"{'NORMAL_GROWTH_FACTOR': -0.005020254366770085, 'ESTIMATION_FACTOR': -0.00019272896716819493, 'CRISIS_PUMPING_RESTRICTION': 0.0011590553427173141}","{'ANTICIPATION_FACTOR': -7.585222626482763e-06, 'NON_PRIORITY_ACTORS_INCREASE': -0.05923303936340864, 'SUBSIDY_INCOME_BASE_CALCULATION': 0.009775130362630191, 'FINE_INCOME_BASE_CALCULATION': 1.6260886828035906e-05}",0.8751091703056768,0.8803063864227999,0.0051972161171230935,0.0,
5,"{'NORMAL_GROWTH_FACTOR': -0.00015014290997347106, 'ESTIMATION_FACTOR': 5.5809595226743545e-05, 'CRISIS_PUMPING_RESTRICTION': -0.0011652473415963145}","{'ANTICIPATION_FACTOR': -0.004552542139163081, 'NON_PRIORITY_ACTORS_INCREASE': -0.0001925128494490049, 'SUBSIDY_INCOME_BASE_CALCULATION': 0.0002203553041922712, 'FINE_INCOME_BASE_CALCULATION': -2.5762338963490206e-05}",0.8960698689956332,0.878497733102496,-0.01757213589313722,0.0,
5,"{'NORMAL_GROWTH_FACTOR': -0.037689697401790914, 'ESTIMATION_FACTOR': 0.026806392438725665, 'CRISIS_PUMPING_RESTRICTION': -0.034689950473708174}","{'ANTICIPATION_FACTOR': 2.2305558232704165e-07, 'NON_PRIORITY_ACTORS_INCREASE': 1.6250401068336455, 'SUBSIDY_INCOME_BASE_CALCULATION': -0.00013600858772954102, 'FINE_INCOME_BASE_CALCULATION': -0.0035311055941282775}",0.882532751091703,0.8789374812414459,-0.0035952698502571545,0.0,
5,"{'NORMAL_GROWTH_FACTOR': -0.8570189596171913, 'ESTIMATION_FACTOR': 0.00010044119303088725, 'CRISIS_PUMPING_RESTRICTION': -0.034689950473708174}","{'ANTICIPATION_FACTOR': -5.265461324020026e-07, 'NON_PRIORITY_ACTORS_INCREASE': 0.09446038511245314, 'SUBSIDY_INCOME_BASE_CALCULATION': -0.00013600858772954102, 'FINE_INCOME_BASE_CALCULATION': 0.00021068630732168098}",0.8814410480349345,0.8796560352684196,-0.0017850127665148818,0.0,
5,"{'NORMAL_GROWTH_FACTOR': -0.004352976083186301, 'ESTIMATION_FACTOR': 0.0040796164139448405, 'CRISIS_PUMPING_RESTRICTION': 9.003718946212588e-06}","{'ANTICIPATION_FACTOR': 0.002128614422770592, 'NON_PRIORITY_ACTORS_INCREASE': 0.00034425544587458456, 'SUBSIDY_INCOME_BASE_CALCULATION': -0.0009365460939266475, 'FINE_INCOME_BASE_CALCULATION': 2.3636577657510356e-05}",0.8919213973799127,0.8770071246619625,-0.014914272717950205,0.0,
5,"{'NORMAL_GROWTH_FACTOR': 0.21037960683621873, 'ESTIMATION_FACTOR': 0.017054263861438046, 'CRISIS_PUMPING_RESTRICTION': -0.008915144710776472}","{'ANTICIPATION_FACTOR': 0.027096563007586574, 'NON_PRIORITY_ACTORS_INCREASE': 0.2963939102557855, 'SUBSIDY_INCOME_BASE_CALCULATION': -0.001146067648956932, 'FINE_INCOME_BASE_CALCULATION': -0.006244616209060285}",0.8626637554585153,0.880768412919323,0.018104657460807694,0.0,<src.core.WaterManagementSimulation object at 0x000002B1773AFEC0>
5,"{'NORMAL_GROWTH_FACTOR': 0.0010106097994708593, 'ESTIMATION_FACTOR': -3.6599264471119355e-05, 'CRISIS_PUMPING_RESTRICTION': 3.3712751699063514e-05}","{'ANTICIPATION_FACTOR': 2.0466957007469084e-05, 'NON_PRIORITY_ACTORS_INCREASE': 0.0029681751302658333, 'SUBSIDY_INCOME_BASE_CALCULATION': 0.00035145949069685905, 'FINE_INCOME_BASE_CALCULATION': 0.001281449190796423}",0.864410480349345,0.8796503551983932,0.015239874849048207,0.0,
5,"{'NORMAL_GROWTH_FACTOR': 0.0004481067391684088, 'ESTIMATION_FACTOR': 0.0010135196569655636, 'CRISIS_PUMPING_RESTRICTION': 0.0006110041459238823}","{'ANTICIPATION_FACTOR': -5.304181152430512e-05, 'NON_PRIORITY_ACTORS_INCREASE': 0.043592550426788806, 'SUBSIDY_INCOME_BASE_CALCULATION': 0.009265390674257724, 'FINE_INCOME_BASE_CALCULATION': 0.0028166051610630715}",0.8849344978165938,0.878475233669513,-0.006459264147080868,0.0,
5,"{'NORMAL_GROWTH_FACTOR': 0.00041921977416723214, 'ESTIMATION_FACTOR': 2.6503471850731644e-05, 'CRISIS_PUMPING_RESTRICTION': 0.0001279621821745143}","{'ANTICIPATION_FACTOR': -0.00711757593392449, 'NON_PRIORITY_ACTORS_INCREASE': -0.0012138009213060125, 'SUBSIDY_INCOME_BASE_CALCULATION': 0.0008015761359093343, 'FINE_INCOME_BASE_CALCULATION': 0.00035877548838984737}",0.8753275109170305,0.880479266285138,0.0051517553681074135,0.0,
5,"{'NORMAL_GROWTH_FACTOR': 1.178121899934998e-06, 'ESTIMATION_FACTOR': 0.0035042644631232953, 'CRISIS_PUMPING_RESTRICTION': -0.00010315884579383669}","{'ANTICIPATION_FACTOR': -0.004552542139163081, 'NON_PRIORITY_ACTORS_INCREASE': 1.7476572002739696e-05, 'SUBSIDY_INCOME_BASE_CALCULATION': 0.0038546606695820333, 'FINE_INCOME_BASE_CALCULATION': -0.027045991671916406}",0.8805676855895197,0.8791121992232731,-0.0014554863662465944,0.0,
5,"{'NORMAL_GROWTH_FACTOR': 0.0016058195617687553, 'ESTIMATION_FACTOR': 0.0004269929841398837, 'CRISIS_PUMPING_RESTRICTION': 0.019401112797420034}","{'ANTICIPATION_FACTOR': -0.00711757593392449, 'NON_PRIORITY_ACTORS_INCREASE': -0.009503270105490184, 'SUBSIDY_INCOME_BASE_CALCULATION': -0.0003478849637103385, 'FINE_INCOME_BASE_CALCULATION': 0.010535340804608351}",0.8890829694323145,0.8777850407584058,-0.011297928673908664,0.0,
5,"{'NORMAL_GROWTH_FACTOR': -0.005887774051610095, 'ESTIMATION_FACTOR': 0.0005875536122275096, 'CRISIS_PUMPING_RESTRICTION': -0.009890722648048501}","{'ANTICIPATION_FACTOR': 0.002128614422770592, 'NON_PRIORITY_ACTORS_INCREASE': -0.0018167038925763867, 'SUBSIDY_INCOME_BASE_CALCULATION': 0.000558939879395734, 'FINE_INCOME_BASE_CALCULATION': 2.0673406360457917e-05}",0.8807860262008733,0.87846701331956,-0.0023190128813133093,0.0,
5,"{'NORMAL_GROWTH_FACTOR': 0.016707957653924247, 'ESTIMATION_FACTOR': 0.007996900195223481, 'CRISIS_PUMPING_RESTRICTION': -0.0891371052943356}","{'ANTICIPATION_FACTOR': -0.0012246215461659664, 'NON_PRIORITY_ACTORS_INCREASE': 0.2963939102557855, 'SUBSIDY_INCOME_BASE_CALCULATION': -0.0007509043084823276, 'FINE_INCOME_BASE_CALCULATION': 0.04012118191623776}",0.8683406113537118,0.874225256940549,0.005884645586837212,0.0,
5,"{'NORMAL_GROWTH_FACTOR': 0.001003521471233554, 'ESTIMATION_FACTOR': 6.021347547998502e-05, 'CRISIS_PUMPING_RESTRICTION': -6.215276293087655e-05}","{'ANTICIPATION_FACTOR': -0.0014509123574512981, 'NON_PRIORITY_ACTORS_INCREASE': -0.01312458105013737, 'SUBSIDY_INCOME_BASE_CALCULATION': 0.007924556165503388, 'FINE_INCOME_BASE_CALCULATION': 0.4686149248494972}",0.8650655021834062,0.8741299143587627,0.009064412175356584,0.0,
5,"{'NORMAL_GROWTH_FACTOR': -0.018924360806540388, 'ESTIMATION_FACTOR': 3.761064004353741e-05, 'CRISIS_PUMPING_RESTRICTION': 3.212040994638037e-05}","{'ANTICIPATION_FACTOR': 0.013114656809113095, 'NON_PRIORITY_ACTORS_INCREASE': 0.1463917438528555, 'SUBSIDY_INCOME_BASE_CALCULATION': 0.007151571397528104, 'FINE_INCOME_BASE_CALCULATION': 0.007762465057311473}",0.8858078602620088,0.8795281328396647,-0.006279727422344061,0.0,
5,"{'NORMAL_GROWTH_FACTOR': 1.983371649908091e-06, 'ESTIMATION_FACTOR': -6.921995748547706e-05, 'CRISIS_PUMPING_RESTRICTION': -0.0011045349848533507}","{'ANTICIPATION_FACTOR': -0.00129884445656852, 'NON_PRIORITY_ACTORS_INCREASE': 0.0029681751302658333, 'SUBSIDY_INCOME_BASE_CALCULATION': -3.1699327558192493e-05, 'FINE_INCOME_BASE_CALCULATION': -0.0007687157377571717}",0.8814410480349345,0.880945897155786,-0.0004951508791485315,0.0,
5,"{'NORMAL_GROWTH_FACTOR': 0.00746585804051569, 'ESTIMATION_FACTOR': -0.0036512899073010505, 'CRISIS_PUMPING_RESTRICTION': -9.004746696809028e-05}","{'ANTICIPATION_FACTOR': 0.000396113194826696, 'NON_PRIORITY_ACTORS_INCREASE': 0.02073684941392896, 'SUBSIDY_INCOME_BASE_CALCULATION': 6.82607108839649e-05, 'FINE_INCOME_BASE_CALCULATION': 0.03190548475236547}",0.877292576419214,0.8772717986251877,-2.077779402631652e-05,0.0,
5,"{'NORMAL_GROWTH_FACTOR': -0.0012421667291251147, 'ESTIMATION_FACTOR': 1.0393593259208261e-05, 'CRISIS_PUMPING_RESTRICTION': -0.0001903590779116994}","{'ANTICIPATION_FACTOR': 0.010140067713478751, 'NON_PRIORITY_ACTORS_INCREASE': 1.6250401068336455, 'SUBSIDY_INCOME_BASE_CALCULATION': 0.007151571397528104, 'FINE_INCOME_BASE_CALCULATION': 0.08490699463297353}",0.8831877729257642,0.8226219475683809,-0.06056582535738331,0.0,
5,"{'NORMAL_GROWTH_FACTOR': -0.00011520699299724264, 'ESTIMATION_FACTOR': -9.351268171007182e-05, 'CRISIS_PUMPING_RESTRICTION': -0.0015282841947850062}","{'ANTICIPATION_FACTOR': 0.0009625696426857666, 'NON_PRIORITY_ACTORS_INCREASE': 1.6250401068336455, 'SUBSIDY_INCOME_BASE_CALCULATION': -0.006231380951046177, 'FINE_INCOME_BASE_CALCULATION': 0.08203227434717013}",0.8936681222707423,0.8181124823456342,-0.07555563992510816,0.0,
5,"{'NORMAL_GROWTH_FACTOR': -0.13981009197879166, 'ESTIMATION_FACTOR': -0.00021808446123943207, 'CRISIS_PUMPING_RESTRICTION': 0.0013432655170066998}","{'ANTICIPATION_FACTOR': -0.10571666143322807, 'NON_PRIORITY_ACTORS_INCREASE': 0.07655986968795775, 'SUBSIDY_INCOME_BASE_CALCULATION': -0.003132530618885381, 'FINE_INCOME_BASE_CALCULATION': -0.005372847275538165}",0.881877729257642,0.8790576397470209,-0.002820089510621071,0.0,
5,"{'NORMAL_GROWTH_FACTOR': -0.0008200595811343804, 'ESTIMATION_FACTOR': 0.0030036125626613165, 'CRISIS_PUMPING_RESTRICTION': 0.00020456720701557643}","{'ANTICIPATION_FACTOR': -1.0871862464055538e-05, 'NON_PRIORITY_ACTORS_INCREASE': -0.0009762192579560717, 'SUBSIDY_INCOME_BASE_CALCULATION': 0.0006606942516232578, 'FINE_INCOME_BASE_CALCULATION': 0.00016983885675410224}",0.8888646288209607,0.8770834232618953,-0.011781205559065477,0.0,
